time (min),f (Hz),d (ppm)
0.0,0.044652065634725346,0.12743524670054285
0.03999999999999204,0.0,0.1868581064741761
0.06999999999999318,-0.015347188711167803,0.17931081159326823
0.09999999999999432,0.09358653798699379,0.19981235713581214
0.13999999999998636,0.015595745295286179,0.1476508868375106
0.1699999999999875,0.034053460508584266,0.175203054947616
0.19999999999998863,0.1373097218573065,0.17272875488481532
0.22999999999998977,0.12438446432351924,0.18825649539735423
0.2699999999999818,0.19141034856438566,0.21210716178975986
0.29999999999998295,0.18244221433997154,0.14701877110863393
0.3400000000000034,0.19644158929586197,0.16515883023566857
0.3699999999999761,0.14954137951135493,0.23728251229610464
0.39999999999997726,0.2355232529342146,0.1752276307447289
0.4299999999999784,0.10849692225455954,0.22587339595474987
0.46999999999999886,0.25429436117410376,0.17575319454977034
0.5,0.2534304961562128,0.19520462965655838
0.5300000000000011,0.0908204413950422,0.17740333389764373
0.5699999999999932,0.28822836354374815,0.20328272089605548
0.5999999999999943,0.26293549686670303,0.16425543436884027
0.6299999999999955,0.30041201189160205,0.18169712996157728
0.6699999999999875,0.10575969442724897,0.1955671994172974
0.6999999999999886,0.3514734096825123,0.2343371331782862
0.7299999999999898,0.15372047349810458,0.18953076246449996
0.7699999999999818,0.3617761120200136,0.1634943386776797
0.799999999999983,0.2400493353605242,0.19084777970485334
0.8299999999999841,0.20671068504452705,0.19052746201825244
0.8699999999999761,0.09766943007707596,0.1362706126231501
0.8999999999999773,0.18876941800117208,0.21571051676087905
0.9299999999999784,0.25563374459743216,0.18352921988849857
0.9699999999999989,0.15816805735230233,0.20559877296088303
1.0,0.2083822838962064,0.2156548910807885
1.0300000000000011,0.19509342238306715,0.20117332314225678
1.0699999999999932,0.18173075914382864,0.1975881470784202
1.0999999999999943,0.201242845505476,0.23587776686011352
1.1399999999999864,-0.00435825511813448,0.20379840822582196
1.1699999999999875,-0.004367882758380404,0.23833962474537884
1.1999999999999886,-0.28691292852163386,0.262990251775193
1.2399999999999807,-0.3297847338020823,0.3148182448347825
1.2699999999999818,-0.6123440600931644,0.2866582105932025
1.299999999999983,-0.9625615887343884,0.37728379862159045
1.329999999999984,-1.2332256570458426,0.4766571421254753
1.3699999999999761,-1.7063106305897264,0.4985884270797101
1.3999999999999773,-2.277438531070949,0.5512374495452832
1.4299999999999784,-2.527995803207162,0.6137036132579681
1.4599999999999795,-3.0705538943409927,0.7683169814901021
1.4899999999999807,-3.3896651856601245,0.8405124256082388
1.5300000000000011,-3.8896175138652325,0.8680934030048775
1.5600000000000023,-4.433725007623437,0.9785839202501165
1.5999999999999943,-5.014237364381554,1.072490844704106
1.6299999999999955,-5.34997246414423,1.1475079093250713
1.6599999999999966,-5.884028694033624,1.2396838125373506
1.6899999999999977,-6.214477672427897,1.3456639860192183
1.7299999999999898,-6.591147906333212,1.37011526535818
1.759999999999991,-6.839255538582805,1.4321109187168304
1.799999999999983,-7.214997503161435,1.5215287833590878
1.829999999999984,-7.668193136900662,1.5534823665499573
1.8599999999999852,-7.774318721890452,1.6277966863335678
1.8899999999999864,-8.218531338870527,1.6206006938711823
1.9299999999999784,-8.23772208020091,1.7139967607000983
1.9599999999999795,-8.392694967240097,1.769726794828955
2.0,-8.527363684773448,1.8066376825836414
2.030000000000001,-8.713209278136496,1.9375165738865405
2.0600000000000023,-8.871009033918384,1.9059628384744371
2.0900000000000034,-8.826632370799778,1.9172511997514619
2.1299999999999955,-9.145271440595387,1.9417617053712206
2.1599999999999966,-9.245653280615805,1.9832809993428668
2.1999999999999886,-9.42021505907178,1.9774562862299376
2.2299999999999898,-9.625810784846543,2.0221584219854094
2.259999999999991,-9.556677820533515,2.1019349481613006
2.289999999999992,-9.872896416485311,2.132825061033742
2.329999999999984,-10.06201332882047,2.165286835624528
2.359999999999985,-10.179628867655993,2.1710556711233266
2.3999999999999773,-10.386850162595515,2.248882833127368
2.4299999999999784,-10.548591306805612,2.2875682534043733
2.4599999999999795,-10.772318231314422,2.3028860543480505
2.4899999999999807,-10.962380174547434,2.3916650347326254
2.530000000000001,-11.311303538829087,2.3661388326714246
2.5600000000000023,-11.373838943988083,2.4237227360178224
2.5999999999999943,-11.827805345505475,2.4983417899294125
2.6299999999999955,-12.140740909427407,2.5040883853352796
2.6599999999999966,-12.336446149647237,2.5659624894609294
2.6999999999999886,-12.607037402689457,2.632452159176154
2.7299999999999898,-13.022140100598335,2.6938607950122844
2.759999999999991,-13.330495774000887,2.7223827127598668
2.799999999999983,-13.688124193251134,2.8192087070731304
2.829999999999984,-14.08057109415531,2.883035140564175
2.859999999999985,-14.432708390057087,2.9379942857831054
2.8899999999999864,-14.835618626326323,3.001295326381353
2.9299999999999784,-15.211129282414916,3.112808889605617
2.9599999999999795,-15.704563859105114,3.0901056458531
2.9899999999999807,-15.968029714375739,3.1589230822464174
3.030000000000001,-16.40774868056178,3.220643443376815
3.0600000000000023,-16.81394519433379,3.3400770484315387
3.0900000000000034,-17.382930748164654,3.3602172122100455
3.1299999999999955,-17.63869276121259,3.4642699609937893
3.1599999999999966,-18.11702224239707,3.4614606148617497
3.1899999999999977,-18.53603687360883,3.5378682735859
3.2299999999999898,-19.09404879510403,3.5936987858878524
3.259999999999991,-19.451736926287417,3.6733804835527906
3.289999999999992,-19.920800503343344,3.7339970503842608
3.329999999999984,-20.268978157639502,3.832611280101105
3.359999999999985,-20.910352720320226,3.863507150402171
3.3999999999999773,-21.283372086286548,3.9632642463453465
3.4299999999999784,-21.867745883017783,3.981978433691779
3.4599999999999795,-22.197931246459483,4.073312489842635
3.5,-22.68278567939997,4.098962250714806
3.530000000000001,-23.066569273918866,4.14506757709708
3.5600000000000023,-23.446801346540454,4.2043827598348
3.5999999999999943,-24.020401346683506,4.269341116158159
3.6299999999999955,-24.53012807220221,4.358895222611949
3.6599999999999966,-24.878017514199023,4.395951569983168
3.6899999999999977,-25.378727766871457,4.467912658234894
3.7299999999999898,-25.833511240780354,4.483822275643092
3.759999999999991,-26.257899556308985,4.5722300534328895
3.789999999999992,-26.77216681316495,4.593428885209079
3.829999999999984,-27.2011143386364,4.651530292008573
3.859999999999985,-27.668433552235363,4.674041870957609
3.8899999999999864,-28.056869059056048,4.738635173180882
3.9299999999999784,-28.57887643128634,4.754859602514898
3.9599999999999795,-28.96125251501799,4.856086122736542
3.9899999999999807,-29.423157424479726,4.864792765698553
4.030000000000001,-29.890296520292758,4.85923335983091
4.060000000000002,-30.310113716125493,5.014056724366782
4.090000000000003,-30.69049473851919,4.955028210511728
4.1299999999999955,-31.241015860438345,5.032383999772662
4.159999999999997,-31.46517171487212,5.08114208595282
4.189999999999998,-32.030434451252226,5.134630620062467
4.22999999999999,-32.64128683805466,5.181037098088325
4.269999999999982,-33.072080184519294,5.2028052680998655
4.299999999999983,-33.30632792636752,5.234355688567746
4.340000000000003,-33.86398917660117,5.296023232771148
4.369999999999976,-34.300759674608706,5.253729747946153
4.399999999999977,-34.64113880842924,5.330379944333856
4.439999999999998,-35.285043633729224,5.382197328906358
4.47999999999999,-35.71152172312141,5.474293492135303
4.509999999999991,-35.98428671807051,5.4339182748294945
4.539999999999992,-36.445257931202654,5.485881207332
4.579999999999984,-36.8664184615016,5.532709650119756
4.609999999999985,-37.32324672341347,5.537972214445432
4.649999999999977,-37.630859236419205,5.5759900522539
4.679999999999978,-37.98817422613502,5.567516768581925
4.7099999999999795,-38.47367652878166,5.6480418282748985
4.739999999999981,-38.76327854543924,5.654622058249231
4.780000000000001,-39.19158307760954,5.680386977242591
4.810000000000002,-39.55179179236293,5.730442383950418
4.849999999999994,-39.96084793359041,5.73112409524532
4.8799999999999955,-40.210755025595425,5.7953870001973655
4.909999999999997,-40.745017708837985,5.7862133220444605
4.939999999999998,-40.93520941883326,5.789573533050515
4.97999999999999,-41.307646149396895,5.850818209345903
5.009999999999991,-41.51180614829064,5.838666892666026
5.049999999999983,-41.99450562074781,5.810917093216574
5.079999999999984,-42.401121931523086,5.856720731501895
5.109999999999985,-42.71168036982417,5.879162498506275
5.139999999999986,-42.999951802194126,5.902473779459541
5.179999999999978,-43.37299335300923,5.955938126461376
5.2099999999999795,-43.6866848103702,5.978256159008907
5.25,-44.015569964796306,5.992781889564753
5.280000000000001,-44.354059821367265,6.0119853732823
5.310000000000002,-44.548401376605035,5.989521262605422
5.349999999999994,-44.92361852452159,6.037830438049298
5.3799999999999955,-45.22872783243657,6.058389794368452
5.409999999999997,-45.671774885058404,6.058078887254226
5.449999999999989,-45.90846356451511,6.091660801039978
5.47999999999999,-46.285875301063065,6.075588352229772
5.509999999999991,-46.420485680550335,6.109566814691448
5.539999999999992,-46.88222980126739,6.134046454108187
5.579999999999984,-47.09000130742789,6.154468925946162
5.609999999999985,-47.39437254965305,6.133567438757211
5.649999999999977,-47.61885511279106,6.14324108366273
5.679999999999978,-48.05587708428502,6.200245528057252
5.7099999999999795,-48.218919752538206,6.22760377598857
5.739999999999981,-48.48786825686694,6.2280493372504395
5.780000000000001,-48.798333601653574,6.185368437835422
5.810000000000002,-49.09262184277177,6.247317539580905
5.849999999999994,-49.38305740654469,6.257409734814274
5.8799999999999955,-49.70937507450581,6.263941591436094
5.909999999999997,-49.975577598065136,6.278971015300698
5.939999999999998,-50.21818630620837,6.298985484978488
5.97999999999999,-50.49550918415189,6.300585398048753
6.009999999999991,-50.780928447842605,6.305852392375243
6.049999999999983,-51.09621304571629,6.3367430597670875
6.079999999999984,-51.34777874201536,6.340258702613397
6.109999999999985,-51.68103188052773,6.387978878478265
6.139999999999986,-51.77207415029407,6.381362406930663
6.179999999999978,-52.04069095924496,6.355252315786942
6.2099999999999795,-52.330028435587884,6.394867536941746
6.25,-52.697915013879545,6.392695028931712
6.280000000000001,-52.873487216979264,6.396075634327389
6.310000000000002,-53.20948700606824,6.4159038152507435
6.349999999999994,-53.44690361842513,6.422305534375624
6.3799999999999955,-53.692869362980126,6.436258844558836
6.409999999999997,-53.86452034935355,6.398968767228865
6.449999999999989,-54.0974141381681,6.440205499903271
6.47999999999999,-54.38949948176742,6.468719171615106
6.509999999999991,-54.65474753379822,6.509841919799868
6.539999999999992,-54.64042165651917,6.464457750868377
6.579999999999984,-55.051536136865614,6.5095555505142215
6.609999999999985,-55.21945812851191,6.423966113215641
6.649999999999977,-55.59160156473518,6.474878284978445
6.679999999999978,-55.87862245365978,6.498242111442181
6.7099999999999795,-56.024540768563746,6.496145259102093
6.739999999999981,-56.354117864370345,6.510419644850884
6.780000000000001,-56.39661014676094,6.498571628760061
6.810000000000002,-56.778144671767954,6.539353565761786
6.840000000000003,-56.81662040352821,6.49249754622204
6.8799999999999955,-57.18285670578479,6.4914409788353
6.909999999999997,-57.27629614695906,6.544492196806402
6.939999999999998,-57.53474890515208,6.576678078174268
6.97999999999999,-57.86811504065991,6.586633284722637
7.009999999999991,-58.05618273317814,6.5835584228667585
7.049999999999983,-58.35925128832459,6.533014183374661
7.079999999999984,-58.575861238688226,6.575240732138525
7.109999999999985,-58.6254728473723,6.55729107120959
7.139999999999986,-58.800802800804384,6.560849668660467
7.179999999999978,-59.10112147554755,6.56490877663731
7.219999999999999,-59.285268071293835,6.579518220351673
7.25,-59.62983810678124,6.531286908944082
7.289999999999992,-59.84554280713201,6.603783920606958
7.319999999999993,-59.95559353083372,6.630098423943224
7.349999999999994,-60.13528306633234,6.6036615507753424
7.389999999999986,-60.310380254685874,6.59863603215706
7.4199999999999875,-60.62694321647286,6.6086761122450355
7.449999999999989,-60.78848865032196,6.636655319149355
7.489999999999981,-60.95446729287506,6.57297208495342
7.519999999999982,-61.162033456563954,6.609246529529571
7.549999999999983,-61.3542714908719,6.608650286732939
7.590000000000003,-61.71033742427826,6.623050696181139
7.619999999999976,-61.79665263667703,6.61413642471075
7.649999999999977,-61.92011728584766,6.640706392109053
7.689999999999998,-62.12260450571775,6.608040516731364
7.719999999999999,-62.31529609709978,6.650854993865636
7.75,-62.45420030504466,6.623774832791412
7.789999999999992,-62.75140239223838,6.644742671758507
7.819999999999993,-62.9532398968935,6.635321524990843
7.849999999999994,-63.191881832480426,6.616971993911648
7.889999999999986,-63.31651432886719,6.632364119073145
7.9199999999999875,-63.3868040136993,6.60984300988153
7.949999999999989,-63.74176592901349,6.609687157947008
7.989999999999981,-63.80646492242813,6.635227103663965
8.019999999999982,-64.00536237061024,6.624833951957356
8.049999999999983,-64.14426006376743,6.688901919542758
8.090000000000003,-64.3040166810155,6.634758463899772
8.119999999999976,-64.60360315069556,6.624529831011017
8.149999999999977,-64.7266626060009,6.645805787684964
8.189999999999998,-64.83057408556343,6.657583839646975
8.219999999999999,-65.09066035076975,6.64101473131916
8.259999999999991,-65.28912484943868,6.65298826694206
8.289999999999992,-65.36869852319359,6.669533544624898
8.319999999999993,-65.5674890115857,6.585655295346612
8.349999999999994,-65.74908593073488,6.61204201814553
8.389999999999986,-65.87996099218725,6.6615879503940505
8.419999999999987,-66.22845952287315,6.671234999199015
8.449999999999989,-66.1756091862917,6.607637465689976
8.48999999999998,-66.42452851384877,6.605990990415592
8.519999999999982,-66.65726730972528,6.668435289213761
8.549999999999983,-66.62811800241471,6.661087442058175
8.590000000000003,-66.86312397867442,6.666009294686489
8.619999999999976,-66.91901795938611,6.668109863176568
8.649999999999977,-67.24268084838985,6.655154728707373
8.689999999999998,-67.43417020440103,6.6590472485627
8.719999999999999,-67.50145801454784,6.612898085800367
8.75,-67.66869749501348,6.642782933506794
8.789999999999992,-67.82877795845269,6.632423181819689
8.819999999999993,-67.9888000227511,6.63385954026549
8.859999999999985,-68.16869937852024,6.651013238295036
8.889999999999986,-68.2552027888596,6.5882905700349
8.919999999999987,-68.392383210361,6.657702858078437
8.949999999999989,-68.62979411482812,6.6501289438068625
8.98999999999998,-68.68889342695473,6.681836837417194
9.019999999999982,-68.80370981693267,6.638009197710176
9.049999999999983,-68.91268800497056,6.610966538256321
9.090000000000003,-69.19548457041384,6.668369347966717
9.119999999999976,-69.34658597633242,6.603916976134343
9.159999999999997,-69.48001603037119,6.645384621685253
9.189999999999998,-69.70993674099446,6.611425419201993
9.219999999999999,-69.75584247484804,6.635513984494622
9.25,-69.92005184218289,6.621508797988412
9.289999999999992,-70.18782334476708,6.617880172363471
9.319999999999993,-70.22327766716481,6.669940403157938
9.349999999999994,-70.36219504103065,6.615005349465747
9.379999999999995,-70.472749273479,6.6438913952570715
9.419999999999987,-70.657493840158,6.6432431609067635
9.449999999999989,-70.76174739301206,6.64623275912686
9.48999999999998,-70.8611058421433,6.625681215315922
9.519999999999982,-70.96612255349754,6.6107032572653
9.549999999999983,-71.19114440083504,6.601359613134832
9.579999999999984,-71.17586876824498,6.594726235790716
9.619999999999976,-71.26319643035532,6.627381929792222
9.649999999999977,-71.61338938176632,6.618370285981882
9.689999999999998,-71.76224798858166,6.61121360157253
9.719999999999999,-71.8738739684224,6.579120971211665
9.75,-71.92875320538877,6.59897402355341
9.789999999999992,-72.00890904590489,6.634582299277042
9.819999999999993,-72.10591680258511,6.626607447917877
9.849999999999994,-72.30869436487555,6.5750700393851105
9.889999999999986,-72.4412452928722,6.580882111092308
9.919999999999987,-72.69452219456434,6.549706195731744
9.949999999999989,-72.71414751261472,6.645336668840429
9.97999999999999,-72.84119879677891,6.642242760593888
10.019999999999982,-72.83801126852632,6.633130667670656
10.049999999999983,-73.20738624632358,6.6244258508913845
10.090000000000003,-73.20315780341625,6.534555231589451
10.119999999999976,-73.29318433627486,6.607255728456948
10.149999999999977,-73.41998063102363,6.607411480232486
10.179999999999978,-73.50043120905758,6.538445515614455
10.219999999999999,-73.83791752830149,6.584028929494707
10.25,-73.7066841982305,6.607175762562747
10.289999999999992,-74.01418059021233,6.584329060045263
10.319999999999993,-74.00413885638119,6.567178223252597
10.349999999999994,-74.24071037843822,6.5700943675423105
10.389999999999986,-74.29688890725373,6.486328102475113
10.419999999999987,-74.3376906313002,6.571230395200132
10.449999999999989,-74.40933115482329,6.578831829609754
10.48999999999998,-74.7025403253734,6.5161345467212755
10.519999999999982,-74.63942461013795,6.591349294903495
10.549999999999983,-74.79923317208886,6.5650572665363995
10.590000000000003,-74.85120953023434,6.557541349372713
10.619999999999976,-75.05993526056409,6.56077473129389
10.649999999999977,-75.21836846619846,6.542380805316498
10.689999999999998,-75.25874445885421,6.567690380162958
10.719999999999999,-75.52845344766973,6.515421316198427
10.75,-75.59442384988068,6.548420213604743
10.789999999999992,-75.60809378549456,6.510046462518801
10.819999999999993,-75.63284325301646,6.5803661856622
10.849999999999994,-75.74096202254296,6.541910406193637
10.889999999999986,-76.09213261678815,6.555139901525621
10.919999999999987,-76.14203261658548,6.5108734113191815
10.949999999999989,-76.01431966573,6.479721739628047
10.97999999999999,-76.2504059560597,6.503385476211633
11.019999999999982,-76.3399935439229,6.502747132985348
11.049999999999983,-76.69858600348235,6.530659763511494
11.090000000000003,-76.51108217909933,6.51271786097459
11.119999999999976,-76.74874614626168,6.4928608914731
11.149999999999977,-76.72114191800355,6.492156723155034
11.189999999999998,-76.95139360353352,6.499618682945453
11.219999999999999,-77.0450551018119,6.515067566586822
11.25,-77.05818492323161,6.484157910287507
11.289999999999992,-77.25181138217448,6.473941920256038
11.319999999999993,-77.46355518847705,6.485098319905802
11.349999999999994,-77.44212163761259,6.499783547586702
11.379999999999995,-77.62868658006192,6.488881456330432
11.409999999999997,-77.5397357866168,6.5455187565677875
11.449999999999989,-77.68233021646739,6.525521501370008
11.48999999999998,-77.92311925590039,6.4528973985106575
11.519999999999982,-77.90982881113888,6.481073879416385
11.549999999999983,-78.11060803309084,6.407231171267995
11.579999999999984,-78.10989368259908,6.457554013551544
11.609999999999985,-78.22836663126947,6.40869955467457
11.649999999999977,-78.26773451566697,6.463288662574456
11.679999999999978,-78.47407161667942,6.5194606547647425
11.70999999999998,-78.54458700045944,6.470092343953866
11.73999999999998,-78.50202060416342,6.481773985336247
11.780000000000001,-78.5618754990399,6.4632918236298735
11.810000000000002,-78.67270644977688,6.4535055956577025
11.840000000000003,-78.711954562366,6.461379176327938
11.879999999999995,-78.80597726628184,6.434900929466295
11.909999999999997,-79.02433192953467,6.475133021006201
11.939999999999998,-79.14419491291045,6.4699123911115635
11.97999999999999,-79.09749712944031,6.410439121580993
12.009999999999991,-79.36035100817679,6.416880904274706
12.049999999999983,-79.32050281912089,6.403857857075735
12.079999999999984,-79.37672724351287,6.394403980048253
12.109999999999985,-79.56336198672653,6.46131749050565
12.139999999999986,-79.6796557702124,6.409422435666755
12.179999999999978,-79.82366364821792,6.463783846175403
12.20999999999998,-79.87747721821069,6.465857033462925
12.25,-79.90209047198294,6.41927716407443
12.280000000000001,-80.01525484845041,6.392096422636172
12.310000000000002,-80.18665156066419,6.405479858030731
12.340000000000003,-80.26944896951318,6.3858200857388
12.379999999999995,-80.28909071013331,6.348665732978702
12.419999999999987,-80.36969406455756,6.414489135481233
12.449999999999989,-80.44217396676541,6.4067280736960015
12.48999999999998,-80.48273470625281,6.411603720455162
12.519999999999982,-80.7046691685915,6.358806294700031
12.549999999999983,-80.65648529455066,6.410216206377697
12.590000000000003,-80.95391134917736,6.405576481720999
12.619999999999976,-80.9002583898604,6.413227575965095
12.649999999999977,-81.02081513032317,6.407084166988881
12.689999999999998,-81.02507498562335,6.3676634666474285
12.719999999999999,-81.19533080086111,6.35083751324899
12.75,-81.14822020605206,6.3399309729988715
12.789999999999992,-81.23582879453897,6.413349512988901
12.819999999999993,-81.43970459476114,6.327075178812237
12.849999999999994,-81.44362889826297,6.3804740313534865
12.879999999999995,-81.62947576045991,6.381065637109373
12.919999999999987,-81.63157121166586,6.344608698651399
12.949999999999989,-81.63480854704977,6.3543746813734
12.97999999999999,-81.75620367005467,6.386029894355261
13.019999999999982,-81.83044035658241,6.400975170686138
13.049999999999983,-81.98894892781973,6.376191558132717
13.090000000000003,-82.10708477646114,6.373889849514427
13.119999999999976,-82.110656632483,6.3066670396047755
13.149999999999977,-82.09214318469168,6.307374833653057
13.179999999999978,-82.22216157093644,6.3129724538170535
13.20999999999998,-82.31087651327252,6.39528095348615
13.25,-82.38266447484494,6.302348384238343
13.280000000000001,-82.48464806005359,6.36526190720673
13.310000000000002,-82.55546113848686,6.296078122425655
13.340000000000003,-82.59565231278538,6.311930258017497
13.379999999999995,-82.6435534775257,6.351252416996118
13.409999999999997,-82.73708880841733,6.274955932977093
13.439999999999998,-82.73948417454957,6.302800121915425
13.47999999999999,-82.88300861790776,6.324627919245756
13.509999999999991,-82.97755730226635,6.3268338806202
13.539999999999992,-82.91782124191522,6.27191112890182
13.579999999999984,-83.07544058933854,6.304036052782777
13.619999999999976,-83.16280926391482,6.3081015998517955
13.649999999999977,-83.10340416282415,6.322063803288188
13.689999999999998,-83.30156986117362,6.279656178672042
13.719999999999999,-83.39334735050798,6.3371809722632975
13.75,-83.39307587817311,6.273093125108176
13.789999999999992,-83.60235038995742,6.27836384190357
13.819999999999993,-83.52384454756975,6.290318026214692
13.849999999999994,-83.59462753683329,6.351369123299548
13.889999999999986,-83.68966171219944,6.266800189039657
13.919999999999987,-83.80284583494068,6.298668498088745
13.949999999999989,-83.67898458763958,6.267015759030443
13.98999999999998,-83.82650212273,6.284608182992116
14.019999999999982,-83.83038853630424,6.252441018530675
14.060000000000002,-83.82156319245695,6.2154149494235185
14.090000000000003,-84.05292976349591,6.254002190283927
14.119999999999976,-84.13899262845516,6.255587172334174
14.149999999999977,-84.14370963126422,6.239774412198727
14.189999999999998,-84.27238250300289,6.281003590461893
14.219999999999999,-84.33934963345527,6.2471009491661675
14.25,-84.23158809021115,6.2619740343596675
14.289999999999992,-84.48575794920325,6.249939673744706
14.319999999999993,-84.48796215802432,6.244156137875137
14.349999999999994,-84.56297897845508,6.2126838381996095
14.389999999999986,-84.58283468037843,6.233083449352392
14.419999999999987,-84.71844483464957,6.230271281430845
14.449999999999989,-84.71230779290198,6.22106900287406
14.48999999999998,-84.88517407849432,6.188996251813677
14.519999999999982,-84.87231860086322,6.206739180703494
14.549999999999983,-84.83419308885931,6.193898902971398
14.590000000000003,-84.90047592669725,6.206453501512897
14.619999999999976,-84.97947261333465,6.235672080499398
14.649999999999977,-84.99315588697792,6.219553528491275
14.679999999999978,-85.32118491753937,6.241631344735936
14.719999999999999,-85.24851637631656,6.217027074875119
14.75,-85.17929732352496,6.213532275999285
14.789999999999992,-85.35925396457316,6.1884521547684415
14.819999999999993,-85.3246627368033,6.207272015506533
14.849999999999994,-85.39341368973254,6.220536706142411
14.879999999999995,-85.55830749049784,6.226839887750799
14.919999999999987,-85.63557296991348,6.18352695830913
14.949999999999989,-85.63536922484636,6.187116579499673
14.98999999999998,-85.5301095701754,6.1640019270854225
15.019999999999982,-85.78947734311222,6.140812516979935
15.049999999999983,-85.61415839865805,6.184464044965523
15.090000000000003,-85.73487952500582,6.137821360294822
15.119999999999976,-85.95551186427474,6.193075869050119
15.149999999999977,-85.9407071709633,6.169595996851626
15.189999999999998,-85.98418589159846,6.174367926790325
15.219999999999999,-85.96181951984764,6.168091885673903
15.25,-86.0146198488772,6.15052681840578
15.289999999999992,-86.13425317257642,6.139911294114938
15.319999999999993,-86.13055308088661,6.181250559137794
15.349999999999994,-86.09196029230952,6.158186623786236
15.389999999999986,-86.26844866201282,6.189983628882771
15.419999999999987,-86.28342999294401,6.106677218834079
15.449999999999989,-86.33548600450158,6.158161971577158
15.48999999999998,-86.39584920257329,6.134269537561721
15.519999999999982,-86.45781773626805,6.152928443923486
15.549999999999983,-86.54121993482113,6.145085597642151
15.590000000000003,-86.68473864868284,6.109961236320771
15.619999999999976,-86.63254955708982,6.1285560827671475
15.649999999999977,-86.68318451717496,6.141832875785951
15.689999999999998,-86.76080239638685,6.140653309963369
15.719999999999999,-86.88992418721318,6.141272882605421
15.75,-86.90274218022824,6.0990779732348415
15.789999999999992,-86.90116840973496,6.132032372690503
15.819999999999993,-86.9467660740018,6.101038612916483
15.849999999999994,-87.05638569518925,6.080094463865123
15.889999999999986,-87.00910270661115,6.128339233562087
15.919999999999987,-86.93697228580714,6.077883354970766
15.949999999999989,-87.07268569767476,6.101206423414254
15.98999999999998,-87.09061297029257,6.11525007534371
16.019999999999982,-87.3731747545302,6.0838521238692636
16.049999999999983,-87.33562520816923,6.0974883427159625
16.090000000000003,-87.16799417361617,6.110766845246303
16.119999999999976,-87.30838665142656,6.139847571613927
16.149999999999977,-87.462930906564,6.059366586038948
16.189999999999998,-87.39960440546275,6.124168780989635
16.22,-87.48000818416477,6.091799803308078
16.25999999999999,-87.46691074743867,6.047912043281912
16.289999999999992,-87.60875868275761,6.0859462364312265
16.329999999999984,-87.54742897078395,6.0746265815212155
16.359999999999985,-87.61402891427278,6.101589800356351
16.399999999999977,-87.73025769665838,6.088985176039387
16.42999999999998,-87.62463374137877,6.08067770834009
16.45999999999998,-87.79909143820404,6.07376882967381
16.48999999999998,-87.86618102639915,6.064526719965386
16.53,-87.82913868054749,6.060215594552631
16.560000000000002,-87.80645553395152,6.059251430172395
16.599999999999994,-87.915159098804,6.096208019760212
16.629999999999995,-87.996794616431,6.083424430238836
16.659999999999997,-87.87386457845568,6.0935510237946175
16.689999999999998,-88.10202591419221,6.068137517242036
16.72999999999999,-88.09856155738234,6.068907520793914
16.75999999999999,-88.05706117600204,6.045692365278768
16.799999999999983,-88.19995865821838,6.04412624827529
16.829999999999984,-88.22250493466854,6.087957315388678
16.859999999999985,-88.18525004535914,6.038653480885188
16.889999999999986,-88.18586477339267,6.02200897023917
16.92999999999998,-88.3564651057124,6.057738032730157
16.95999999999998,-88.35285390466453,6.0024649536613595
16.98999999999998,-88.4988907687366,6.005455073239716
17.03,-88.39153181388974,6.0152427272100795
17.060000000000002,-88.5337630085647,6.027668094876901
17.090000000000003,-88.57825658246875,6.060857203522403
17.129999999999995,-88.59117243215442,6.030420415990761
17.159999999999997,-88.7137221366167,6.026864283609655
17.189999999999998,-88.46313088238239,5.983460637413486
17.22999999999999,-88.69817513227463,6.03411015121506
17.25999999999999,-88.6127598978579,5.968761170657217
17.289999999999992,-88.75317062214017,5.988845689606677
17.329999999999984,-88.65674844309689,5.997863861920905
17.359999999999985,-88.85693069845439,5.950043286932271
17.389999999999986,-88.96841062754393,5.994786459265072
17.42999999999998,-88.97409284859896,5.968295115821519
17.45999999999998,-88.88834556564689,6.069454807467224
17.48999999999998,-89.03750346675514,5.985633307857398
17.53,-88.95046191290021,6.007883992852811
17.560000000000002,-89.03321743756533,5.925323521244451
17.590000000000003,-89.13407804444432,6.03986910955993
17.629999999999995,-89.06453914418816,5.943129295041842
17.659999999999997,-89.1543338343501,6.018954940938016
17.689999999999998,-89.00460531786084,5.998291576657579
17.72999999999999,-89.06555933430792,5.918751079261796
17.75999999999999,-89.16572875976561,5.961577012372032
17.789999999999992,-89.29156568050385,5.933553843882919
17.829999999999984,-89.20898932889105,5.957378716862905
17.859999999999985,-89.34356171041728,5.9553972928993915
17.889999999999986,-89.46519863754511,5.9476297503555315
17.92999999999998,-89.36352472901345,5.951669252748189
17.95999999999998,-89.40956401899456,5.998266766127443
17.98999999999998,-89.45270218625666,5.993194195151062
18.03,-89.47817087844015,5.895331297261606
18.060000000000002,-89.61434315070511,5.912717948619786
18.090000000000003,-89.46938969120384,5.964650917370108
18.129999999999995,-89.54508384093643,5.90530261650423
18.159999999999997,-89.5946444861591,5.944381234410628
18.189999999999998,-89.6640592738986,5.8982163998906
18.22999999999999,-89.66669746115804,5.8956903706146875
18.25999999999999,-89.74937546625733,5.90596647963369
18.289999999999992,-89.62565879374742,5.92043176545053
18.329999999999984,-89.72023416906595,5.89808293250843
18.359999999999985,-89.76943749338389,5.895912221315456
18.389999999999986,-89.79979889392854,5.898502466171806
18.42999999999998,-89.73336618542672,5.946823094694935
18.45999999999998,-89.95284682959317,5.910002362235446
18.48999999999998,-89.92309402227403,5.904629274257019
18.53,-89.82313858196139,5.886203596093168
18.560000000000002,-89.8297201536596,5.940337746912519
18.590000000000003,-89.92401763275265,5.910785873745056
18.629999999999995,-89.98000264167786,5.894316983351274
18.659999999999997,-90.01294710114598,5.925110027400535
18.689999999999998,-89.93870263695717,5.8942030591874754
18.72999999999999,-89.99037212058903,5.889412864836743
18.75999999999999,-90.08064767122269,5.903695046362657
18.789999999999992,-90.08866454213859,5.893007559703477
18.829999999999984,-90.12284552305937,5.920186276788144
18.859999999999985,-90.27987417504193,5.8844466183457484
18.889999999999986,-90.18458432033657,5.860452369815363
18.919999999999987,-90.27894115373493,5.90615834532079
18.94999999999999,-90.2498248502612,5.9021221183752175
18.98999999999998,-90.2899847097695,5.806994052110667
19.019999999999982,-90.31508734524249,5.86364137430337
19.049999999999983,-90.44162279218435,5.86651844014591
19.090000000000003,-90.39939317405225,5.846140041622277
19.119999999999976,-90.33219341635703,5.905921562341717
19.149999999999977,-90.40113241076469,5.873454436797346
19.189999999999998,-90.40966296270489,5.832575744647187
19.22,-90.47922237142922,5.8926395960402544
19.25,-90.45630300715567,5.884813248353623
19.28,-90.476160210371,5.850760150036336
19.310000000000002,-90.45963891297578,5.83075152590871
19.349999999999994,-90.67856242582201,5.830236457411729
19.389999999999986,-90.59072901681066,5.885532059957768
19.419999999999987,-90.72511916831135,5.8128212088981
19.44999999999999,-90.64644728675484,5.883439357996451
19.48999999999998,-90.58105233013629,5.86101807561883
19.519999999999982,-90.67607281059026,5.841652780741839
19.549999999999983,-90.77068543508648,5.873084894633479
19.590000000000003,-90.70078912451862,5.851460017592387
19.619999999999976,-90.72309365347027,5.842232428939354
19.649999999999977,-90.66538809537889,5.804769430150742
19.689999999999998,-90.85255036056043,5.790127740184346
19.72,-90.80533268228174,5.859039685452984
19.75,-90.81886293664576,5.81255703354995
19.789999999999992,-90.8149743154645,5.829868573528358
19.819999999999993,-91.02568036839367,5.783476037559694
19.849999999999994,-90.74890499114991,5.820972399085406
19.889999999999986,-90.87622113078834,5.835721821138748
19.919999999999987,-90.90173150524498,5.826545887900181
19.94999999999999,-90.86954746246337,5.74865511742118
19.98999999999998,-90.90312020033599,5.771668909979979
20.019999999999982,-90.87173755839467,5.77559607287742
20.049999999999983,-91.06470446139573,5.793085682447469
20.079999999999984,-90.98326718136667,5.816677773234801
20.109999999999985,-90.99017338901757,5.79221711757441
20.139999999999986,-91.06529959663749,5.841894592899564
20.17999999999998,-91.0372906588018,5.755240197350275
20.20999999999998,-91.05308838859202,5.783343578186646
20.23999999999998,-91.09751448631286,5.7257098787247
20.269999999999982,-91.0757467404008,5.825201780607728
20.310000000000002,-91.05716782808304,5.733377798680749
20.340000000000003,-91.16608224362136,5.77533904327359
20.379999999999995,-91.26627144142986,5.742158087314749
20.409999999999997,-91.13207627236844,5.755854204674932
20.439999999999998,-91.17100515216589,5.750435666967661
20.47999999999999,-91.14339732155204,5.79404905805967
20.50999999999999,-91.24011139050126,5.754554291089164
20.539999999999992,-91.34015950858594,5.757610684482728
20.579999999999984,-91.17688974142075,5.742368998909001
20.609999999999985,-91.34494687840342,5.778914607191865
20.639999999999986,-91.35010089054703,5.74608763274162
20.669999999999987,-91.32141281366347,5.745062727256453
20.70999999999998,-91.2027006022632,5.752776884459678
20.73999999999998,-91.36373026892542,5.738704169127345
20.78,-91.43206959813833,5.755026501351125
20.810000000000002,-91.43701164722444,5.703163903014769
20.840000000000003,-91.45840405225755,5.755360689709846
20.869999999999976,-91.40307147875427,5.765991877970919
20.909999999999997,-91.53218474909664,5.724050167733708
20.939999999999998,-91.53817184865474,5.677353617247064
20.97999999999999,-91.42775515541433,5.74071533016172
21.00999999999999,-91.50289716944098,5.729364424697565
21.039999999999992,-91.50512365922333,5.743868655048431
21.079999999999984,-91.60252649486065,5.705395069473184
21.109999999999985,-91.48769263848664,5.756319156144741
21.139999999999986,-91.65646942481399,5.6765304064042255
21.17999999999998,-91.64562478512525,5.711742304125096
21.20999999999998,-91.5330444894731,5.716404649660575
21.23999999999998,-91.63971896171569,5.703307243972432
21.28,-91.54951236844062,5.6897715632389065
21.310000000000002,-91.60998345315457,5.67957148472658
21.340000000000003,-91.67593494877218,5.720581229809227
21.369999999999976,-91.69263112470509,5.668342492962353
21.399999999999977,-91.60811053439974,5.660406693110332
21.439999999999998,-91.72535498589278,5.74224698850864
21.47,-91.6593059256673,5.658428703966365
21.5,-91.82259587422013,5.683199513308239
21.539999999999992,-91.71856298968197,5.699451744581722
21.569999999999993,-91.69718153402209,5.657209439013968
21.599999999999994,-91.77597273290158,5.673509242321103
21.639999999999986,-91.76689788624645,5.672811739142304
21.669999999999987,-91.80358667522668,5.683530303389404
21.69999999999999,-91.69973502978684,5.66215618229063
21.73999999999998,-91.73554391562939,5.653541361979308
21.769999999999982,-91.85060808062553,5.671716714467834
21.799999999999983,-91.84617668241262,5.649273165041137
21.840000000000003,-91.85587994828819,5.635893927283291
21.869999999999976,-91.84686075448991,5.643898760931393
21.899999999999977,-91.88643647283317,5.638077653027011
21.939999999999998,-91.77815170958638,5.626655628620966
21.97,-92.05919608026744,5.625335909195741
22.0,-91.82038597762585,5.657358325407614
22.039999999999992,-91.94757528454065,5.638000513139417
22.069999999999993,-91.96408179029822,5.588132556957589
22.099999999999994,-91.7979121863842,5.599085591539136
22.139999999999986,-91.84405372887849,5.63480044533722
22.169999999999987,-92.00576097667218,5.602400313304315
22.19999999999999,-91.8245393253863,5.646080598250052
22.23999999999998,-91.8530959352851,5.612397599461332
22.269999999999982,-91.99919719323515,5.5954996947073425
22.299999999999983,-91.81631868854166,5.60448007006616
22.340000000000003,-91.88050006702542,5.599959355345305
22.369999999999976,-91.98792637065054,5.569697712724292
22.409999999999997,-91.92259466648102,5.571281282944682
22.439999999999998,-92.01578982099892,5.586089163614787
22.47,-91.96087907776237,5.596023463789322
22.5,-91.9675393179059,5.567745997126366
22.539999999999992,-92.10338179990649,5.6434762871762985
22.569999999999993,-92.00743188261987,5.609446837424628
22.599999999999994,-92.00308965742587,5.513414742810795
22.639999999999986,-92.04873173758386,5.571683822956999
22.669999999999987,-92.02301421761513,5.552719251292245
22.69999999999999,-92.08430924192072,5.604167347735512
22.73999999999998,-92.06463988646865,5.580066681282858
22.769999999999982,-91.98673090934753,5.571641804030037
22.799999999999983,-91.87316075861455,5.550863581780391
22.840000000000003,-92.1130809046328,5.556647450464283
22.869999999999976,-92.10961988046765,5.549789369857791
22.899999999999977,-91.96931117102503,5.504443442008636
22.939999999999998,-91.97034140452743,5.513332143848231
22.97,-92.02720673307778,5.552873278918156
23.0,-92.07525519281626,5.50487857470759
23.039999999999992,-92.0706204906106,5.5293684421270655
23.069999999999993,-92.12462028861046,5.5449779772857255
23.099999999999994,-92.09829267114401,5.490651884183507
23.139999999999986,-92.1234622247517,5.541654494190595
23.169999999999987,-92.01456623077394,5.52194082224338
23.19999999999999,-92.03918209820986,5.505519702563333
23.23999999999998,-92.0559395186603,5.537022813958458
23.269999999999982,-92.00697356015445,5.518481800076387
23.299999999999983,-92.06617670804263,5.4945565646493435
23.340000000000003,-92.10457687452435,5.5673806291005405
23.369999999999976,-92.13563430830837,5.4905058105218245
23.399999999999977,-92.17165596410632,5.48378533496404
23.439999999999998,-92.0565682642162,5.494655649531381
23.47,-92.2893956616521,5.5017993716869
23.5,-92.16752034202219,5.437974930877402
23.539999999999992,-92.20818568468093,5.486925351037769
23.569999999999993,-92.04501435235142,5.446719171333143
23.599999999999994,-92.07310030162336,5.48256466912926
23.639999999999986,-92.17078727036716,5.452431148807278
23.669999999999987,-92.17328374013306,5.474561119015448
23.69999999999999,-92.02054964452981,5.475908974389057
23.73999999999998,-92.09012876972557,5.47961653225434
23.769999999999982,-92.20333205312491,5.445092469278052
23.799999999999983,-92.10655582025646,5.450300538996231
23.840000000000003,-92.12158129587769,5.4046367623908225
23.869999999999976,-92.23814745619893,5.448243774228558
23.899999999999977,-92.11267290860414,5.434198708111268
23.92999999999998,-92.22507196888327,5.446444837772674
23.95999999999998,-92.21245139688253,5.424257011587429
23.98999999999998,-92.11326665654778,5.3647330567330584
24.03,-91.94924885854124,5.466040982963165
24.060000000000002,-92.22370113059878,5.44460950551462
24.090000000000003,-92.22383040487767,5.437514490497875
24.129999999999995,-92.17476022616029,5.4532082616500475
24.159999999999997,-92.25070773363115,5.383304545078232
24.19999999999999,-92.13107575550674,5.426618284522192
24.22999999999999,-92.18259067609907,5.367186045210275
24.25999999999999,-92.21476095542312,5.423640569929091
24.289999999999992,-92.23897233232856,5.420816868092402
24.319999999999993,-92.05048659294843,5.359996747751552
24.349999999999994,-92.17176525369285,5.4229413326523
24.379999999999995,-92.25326292887331,5.43151774865882
24.409999999999997,-92.23006138652562,5.416009113701904
24.439999999999998,-92.13649410232901,5.332480694564907
24.47,-92.1893935121596,5.439368935809057
24.5,-91.99846538305283,5.337821547446708
24.53,-92.21662132814527,5.3606794487074865
24.560000000000002,-92.13861341029406,5.355788143546988
24.590000000000003,-92.16926664039494,5.405356253188984
24.619999999999976,-92.15033483281732,5.371492011519422
24.649999999999977,-92.19811289235949,5.326883552364393
24.67999999999998,-92.17309220358729,5.396114383304024
24.70999999999998,-92.31714958176016,5.3241022100076805
24.73999999999998,-92.22895501628517,5.366944557103523
24.769999999999982,-92.1817440226674,5.337956976354263
24.799999999999983,-92.1186880722642,5.428820159771391
24.829999999999984,-92.06936761587858,5.3905138625987945
24.859999999999985,-92.20885183438659,5.355197175969266
24.889999999999986,-92.21698755174876,5.39714943351575
24.919999999999987,-92.22492381632327,5.383094007972716
24.94999999999999,-92.15776343867182,5.3245207210266585
24.97999999999999,-92.15489068254828,5.346855679244555
25.00999999999999,-92.12269264981151,5.333776728544649
25.039999999999992,-92.14528448954223,5.289426502964233
25.079999999999984,-92.12153825014829,5.304578035182487
25.109999999999985,-92.20250973626972,5.347068346488868
25.139999999999986,-92.17257915437222,5.304069731679391
25.169999999999987,-92.16249776631594,5.307211550397568
25.19999999999999,-92.12286374047397,5.254816693461805
25.22999999999999,-92.09800474718213,5.313682170463437
25.25999999999999,-92.07044387906791,5.271079444093488
25.289999999999992,-92.21202097162603,5.359808553074885
25.319999999999993,-92.08311692252755,5.28568541027218
25.349999999999994,-92.08245273679495,5.324327144362485
25.379999999999995,-92.11410769745709,5.28842156066338
25.409999999999997,-92.070351074636,5.261220484863202
25.439999999999998,-91.9897270217538,5.255714906222295
25.47,-92.20692163184285,5.275882428764447
25.5,-92.20484294518829,5.251455539752726
25.53,-92.0796651624143,5.29622679608633
25.560000000000002,-92.10132228657602,5.266523354519137
25.590000000000003,-92.05699145048857,5.250030166165374
25.629999999999995,-91.9842156648636,5.259372801336809
25.659999999999997,-92.11409579217434,5.2932542780115455
25.689999999999998,-91.98416975662113,5.233471723590895
25.72999999999999,-92.0928865134716,5.2500256621611925
25.75999999999999,-92.21205543503166,5.239427493356715
25.789999999999992,-91.98305274918675,5.256858062926284
25.829999999999984,-91.9949314326048,5.252933296258931
25.859999999999985,-92.04238560944796,5.222908457320301
25.889999999999986,-92.01668424606322,5.216898159573361
25.92999999999998,-91.91985621228815,5.268012376360048
25.95999999999998,-91.99520623981954,5.22797941849845
25.98999999999998,-92.01693072468044,5.225220611246044
26.03,-91.8136802121997,5.234149435147003
26.060000000000002,-91.95349916517733,5.201209591739371
26.090000000000003,-91.98807975649834,5.226436161202116
26.129999999999995,-92.0110381565988,5.188386103278077
26.159999999999997,-91.98876816183329,5.230395938692766
26.189999999999998,-91.91692840307951,5.241263170840796
26.22999999999999,-92.02289892882109,5.17860395806639
26.25999999999999,-92.04348161369563,5.228481516245552
26.289999999999992,-91.79201982989906,5.2007940650938735
26.329999999999984,-91.93075260072948,5.155246067325862
26.359999999999985,-91.90007642135024,5.1979432912497145
26.389999999999986,-91.95959927663208,5.188522550721984
26.42999999999998,-91.7991493150592,5.215192614611226
26.45999999999998,-91.85908703804017,5.157848012954446
26.48999999999998,-91.90196151658893,5.148349395822805
26.53,-91.91859367266298,5.186845705331507
26.560000000000002,-91.97371734157204,5.198528895948726
26.590000000000003,-91.77829125821592,5.139050413477406
26.629999999999995,-91.75606674030422,5.178381090622565
26.659999999999997,-92.04202404320239,5.188262465725842
26.689999999999998,-91.82647525966166,5.142139584151295
26.72999999999999,-91.85135644227267,5.1164946964472335
26.75999999999999,-91.83650955259799,5.171195893593875
26.789999999999992,-91.85830341875553,5.130563578972755
26.829999999999984,-91.77136177048087,5.172622338468585
26.859999999999985,-91.85509579479694,5.169165744195368
26.889999999999986,-91.85332055017352,5.1351521859962475
26.92999999999998,-91.67862404286862,5.141835709655368
26.95999999999998,-91.82918210998179,5.152201729800936
26.98999999999998,-91.71511041820048,5.127756517025318
27.03,-91.71312115341425,5.123974697082218
27.060000000000002,-91.69201943278313,5.092738803545018
27.090000000000003,-91.6804972499609,5.11048395707715
27.129999999999995,-91.72119064554573,5.169561533217404
27.159999999999997,-91.68354186937214,5.109577554195738
27.189999999999998,-91.71045607849956,5.1048994092122655
27.22999999999999,-91.72250758633018,5.131428663691025
27.25999999999999,-91.58559544831513,5.120138696202702
27.289999999999992,-91.76071391031147,5.105735850267536
27.329999999999984,-91.68956653401256,5.046449572538279
27.359999999999985,-91.62600947245954,5.062641666760328
27.399999999999977,-91.70015809684992,5.035862304625198
27.42999999999998,-91.67052859291434,5.149670446622849
27.45999999999998,-91.68837237432598,5.076980345468257
27.48999999999998,-91.54826670214533,5.082849020372095
27.53,-91.58677558004857,5.0967895250553
27.560000000000002,-91.68452500998973,5.09718784151849
27.590000000000003,-91.63132604658603,5.07778204277389
27.629999999999995,-91.54493422657251,5.090871942314664
27.659999999999997,-91.59581154063343,5.0330429216232915
27.689999999999998,-91.58131377100943,5.066939268740015
27.72999999999999,-91.56565947085619,5.036815055476353
27.75999999999999,-91.46398955285548,5.071153354415003
27.789999999999992,-91.5635622486472,5.072860402508724
27.829999999999984,-91.48073201626539,5.0655648687578605
27.859999999999985,-91.53199722766877,5.028374430723943
27.889999999999986,-91.53209730461239,5.003686577102229
27.92999999999998,-91.65579490587115,5.061321602032876
27.95999999999998,-91.48057880401612,5.095576553586909
27.98999999999998,-91.38991316854953,5.059522901855672
28.03,-91.42376433312893,5.066364137936432
28.060000000000002,-91.5303442262113,5.065893437412797
28.090000000000003,-91.3498729750514,5.07127704111403
28.129999999999995,-91.43067145794629,5.016876819322704
28.159999999999997,-91.41322039440274,5.023391837092447
28.189999999999998,-91.3255318775773,5.008366789603713
28.22999999999999,-91.27730783224106,5.0704105986956165
28.25999999999999,-91.29333608299493,5.037853918405801
28.289999999999992,-91.26254658475517,5.045540545775651
28.329999999999984,-91.30675685703756,5.020710498314969
28.359999999999985,-91.29586247131229,5.00521537133281
28.389999999999986,-91.30029256492853,4.9882787371969926
28.42999999999998,-91.22243990078567,5.013491365675719
28.45999999999998,-91.31019812822342,5.018485458058848
28.48999999999998,-91.21278248727322,5.0291526598528264
28.53,-91.2228272408247,5.046524941742462
28.560000000000002,-91.18371236026286,5.028822012590041
28.590000000000003,-91.25993661060929,5.006073335752944
28.629999999999995,-91.15758152082563,4.933177673775191
28.659999999999997,-91.20712785944343,5.009362389054189
28.689999999999998,-91.30109365433455,4.970043750792968
28.72999999999999,-91.14454804286362,5.008919197713311
28.75999999999999,-91.002498562634,4.9670467332593375
28.789999999999992,-91.16425748318434,4.953583779027468
28.829999999999984,-91.06756087467073,5.007144456995803
28.859999999999985,-91.23655164241791,4.978047309619171
28.889999999999986,-91.13871780410409,5.0053346767068945
28.92999999999998,-91.03718070313334,4.953103808680538
28.95999999999998,-91.0371871739626,4.9826125796407155
28.98999999999998,-91.2024588085711,5.003537739796258
29.03,-91.12855546995996,4.985861465442582
29.060000000000002,-91.15285051018,4.98554308656486
29.099999999999994,-91.031561858207,4.973270309403887
29.129999999999995,-90.93021733760833,4.978208570460453
29.159999999999997,-91.01548734903335,4.957215280878728
29.189999999999998,-91.0301106862724,4.971123226838927
29.22999999999999,-91.05390941277147,4.946762618618578
29.25999999999999,-91.10317300558091,4.960370099381578
29.289999999999992,-90.87165886983274,5.002275597963489
29.329999999999984,-91.01669127792121,5.008380205328734
29.359999999999985,-90.88687473908067,4.979026965680021
29.389999999999986,-90.93128074333072,4.952640765963423
29.42999999999998,-90.93803471252323,4.927284958664359
29.45999999999998,-90.90557660162449,4.918187706095978
29.48999999999998,-91.03993224054574,4.94510365582002
29.53,-90.91647350713612,4.9306710732310535
29.560000000000002,-90.84667697027325,4.95397712150023
29.590000000000003,-90.90783040970564,4.902002853734331
29.629999999999995,-91.01043731421231,4.943194585976272
29.659999999999997,-90.80112065374851,4.930798579618909
29.689999999999998,-90.7816612161696,4.893150766516101
29.72999999999999,-90.8700005210936,4.927147031152373
29.75999999999999,-90.87299253419042,4.903419743104905
29.789999999999992,-90.86456211283803,4.933044905669789
29.829999999999984,-90.81199531033636,4.949824652196838
29.859999999999985,-90.80397226586939,4.931749261278895
29.889999999999986,-90.80592093765736,4.933619080124743
29.92999999999998,-90.71775920242072,4.927212507031783
29.95999999999998,-90.75487585663797,4.968658292081699
29.98999999999998,-90.74873991236092,4.9102491779335935
30.03,-90.57779794260858,4.922473100768059
30.060000000000002,-90.79258698374034,4.959608980915618
30.090000000000003,-90.66603129431604,4.908909679255856
30.129999999999995,-90.81635869964958,4.884828635667617
30.159999999999997,-90.74875644817948,4.88097904728869
30.189999999999998,-90.53090554103255,4.897259895068203
30.22999999999999,-90.68948512598871,4.937052953772167
30.25999999999999,-90.73835144490005,4.909374602266979
30.289999999999992,-90.6965162485838,4.957101176027891
30.329999999999984,-90.61973319649695,4.892070517815682
30.359999999999985,-90.63929270654916,4.887290231561877
30.389999999999986,-90.70003564506769,4.917516448492734
30.42999999999998,-90.7019903227687,4.901111868401102
30.45999999999998,-90.74334323778749,4.881770095069783
30.48999999999998,-90.70049986839294,4.916597698180766
30.53,-90.63328592851758,4.864300124971578
30.560000000000002,-90.59041061624885,4.888933499307342
30.590000000000003,-90.71136092543603,4.96983076091189
30.629999999999995,-90.64164540097119,4.96169758012752
30.659999999999997,-90.88322965428233,5.020325251904069
30.689999999999998,-90.85102753341198,4.9750391377544645
30.72999999999999,-90.91259055659174,4.989915875117248
30.75999999999999,-91.09483549818395,5.045493932326451
30.789999999999992,-91.12281358018518,5.070326990693587
30.829999999999984,-91.02400411963464,5.130885115586153
30.859999999999985,-91.19804191216826,5.158139664810733
30.889999999999986,-91.30375365093352,5.177695174801926
30.92999999999998,-91.34690659940242,5.237174278121444
30.95999999999998,-91.293767619133,5.2512075916240235
30.98999999999998,-91.49145656451583,5.374269168734287
31.03,-91.41891826167702,5.398944079985995
31.060000000000002,-91.47936876118183,5.40522934369173
31.090000000000003,-91.60555751472711,5.443482799930763
31.129999999999995,-91.60319788977503,5.516985764617971
31.159999999999997,-91.58132299557329,5.564695411392705
31.189999999999998,-91.57061400860547,5.6485683916254175
31.22999999999999,-91.62861509770156,5.674104732031225
31.25999999999999,-91.46879895552993,5.67387063937926
31.289999999999992,-91.70270425826311,5.705905169944316
31.319999999999993,-91.5079823590815,5.722193099637963
31.349999999999994,-91.5042141146958,5.748023593666659
31.379999999999995,-91.35221164077521,5.81312454013775
31.419999999999987,-91.30604210197924,5.89135904387291
31.44999999999999,-91.31001821756362,5.860938214370975
31.47999999999999,-91.16902344226838,5.901317833036956
31.519999999999982,-91.13977309018372,5.989369075791302
31.549999999999983,-91.00778836086391,5.959211410198549
31.590000000000003,-91.01108449846507,6.034008035546606
31.619999999999976,-90.89821372106672,6.024287507885873
31.659999999999997,-90.79213931858538,6.031439689449144
31.689999999999998,-90.75579062476754,6.073738665953471
31.72,-90.70113469660282,6.082050979072932
31.75,-90.53774785846471,6.041697874974517
31.789999999999992,-90.52183611020445,6.077128832931578
31.819999999999993,-90.44324469119312,6.050156573310801
31.849999999999994,-90.21004916876555,6.114009284610148
31.889999999999986,-90.22756573855878,6.081171157629228
31.919999999999987,-90.1219269424677,6.133787069353332
31.94999999999999,-90.0622291147709,6.098306832851648
